product_model,review_text,rating,review_date
BlackBerry Key2,Security features are there but usability isn't. Too many app incompatibilities.,1,2024-11-21
iPhone 14 Pro,A16 chip handles intensive tasks effortlessly. Dynamic Island adds unique functionality.,5,2024-09-15
Oppo A57,Practical performance at this price. Lightweight and covers daily needs well.,5,2024-05-15
Oppo Reno 10,Fast charging keeps me moving without waits. Camera produces excellent results.,5,2024-04-17
Oppo Reno 10,Stylish design definitely captures attention. Fast charging is incredibly convenient.,5,2024-07-08
Xiaomi Redmi 12,"Value and performance in one package. Display crisp, camera system versatile daily.",5,2024-01-04
BlackBerry Key2,Wanted it for productivity but app ecosystem is too limited. Software feels old.,2,2024-12-04
Samsung Galaxy Note 20,Entertainment and productivity in one. S Pen is iconic and useful daily.,4,2024-11-01
BlackBerry Key2,Love the keyboard but hate the outdated Android version and app problems.,2,2024-04-29
Oppo Reno 10,Design captures attention everywhere. Fast charging eliminates long wait times.,4,2024-12-15
Huawei Mate 50 Pro,Futuristic in looks and capability. Camera precision rivals dedicated cameras.,5,2024-06-10
iPhone 14 Pro,Flagship excellence indeed. The A16 chip is incredibly fast and Dynamic Island is seamless.,5,2024-08-04
Xiaomi Redmi 12,Accessible pricing with quality features. Camera and display both impressive.,4,2024-05-22
Samsung Galaxy A14,Sleek look and dependable battery. Perfect phone for those valuing affordability and quality.,4,2024-10-06
iPhone 14 Pro,Professional tool in elegant package. Performance redefines what flagship means.,5,2024-11-04
Samsung Galaxy A54,Gaming performance dependable. Display experience smooth for entertainment needs.,4,2024-11-17
Samsung Galaxy S23 Ultra,Stunning in every aspect. S Pen integration and performance both ultimate.,5,2024-11-17
BlackBerry Key2,Not modern utility at all. App compatibility ruins the experience completely.,1,2024-02-21
Samsung Galaxy A54,Smooth display enhances streaming. Samsung design brings premium feel to mid-tier.,5,2024-05-30
Samsung Galaxy S23 Ultra,Desktop capability in mobile form. S Pen enhances productivity significantly.,4,2024-09-09
Xiaomi Redmi 12,Crisp display and versatile camera at this price point is impressive. Great value.,4,2024-10-28
Oppo A57,Entry-level done right. Polished look with comfortable lightweight design.,4,2024-10-26
Xiaomi Redmi 12,Premium features at accessible price. Camera system works beautifully for everyday shots.,5,2024-08-02
Samsung Galaxy S23 Ultra,Samsung's best work. Productivity and creativity in one with stunning display.,4,2024-07-04
Samsung Galaxy S23 Ultra,"S Pen integration is seamless. Performance truly feels desktop-level, display amazing.",5,2024-04-22
Samsung Galaxy Note 20,Productivity tool that entertains. Screen size and S Pen both valuable.,5,2024-11-01
Huawei Mate 50 Pro,Smooth performance for heavy multitasking. Camera and design both premium.,4,2024-04-18
Huawei Mate 50 Pro,High-end performance makes multitasking smooth. Camera precision is remarkable.,5,2024-04-27
Xiaomi Redmi Note 12 Pro,5G makes browsing incredibly fast. Advanced camera delivers on promise of vibrant photos.,5,2024-06-25
Xiaomi Redmi 12,Best budget phone I've owned. Camera captures moments beautifully and display is sharp.,4,2024-05-22
iPhone 14 Pro,Cutting-edge in every aspect. A16 performance paired with elegant build quality.,5,2024-04-11
iPhone 14 Pro,"Dynamic Island interface is amazing. Performance is cutting-edge, truly flagship quality.",5,2024-02-17
BlackBerry Key2,Keyboard is the only good part. Most modern apps crash or won't install at all.,2,2024-04-26
Samsung Galaxy A14,Budget-friendly with premium feel. Long-lasting battery makes this excellent value.,4,2024-10-29
Xiaomi Redmi Note 12 Pro,"Performance and style combined well. Imaging delivers vibrant results, 5G is reliable.",4,2024-07-13
Huawei Mate 50 Pro,"Design looks futuristic, performance feels premium. Camera precision outstanding.",5,2024-05-17
Samsung Galaxy A54,Versatile phone for work and entertainment. Samsung signature design looks premium.,4,2024-03-04
Xiaomi Redmi 12,Great performance for the price. Display quality is excellent and camera is versatile.,4,2024-04-22
Samsung Galaxy A14,Affordable without compromising on quality. Battery lasts the entire day without issues.,4,2024-05-05
Xiaomi Redmi 12,Premium features made accessible. Camera quality exceeds price point expectations.,4,2024-03-22
Oppo A57,Polished appearance belies entry-level price. Comfortable and practical daily.,5,2024-10-14
Oppo Reno 10,Eye-catching design with substance. Photography produces sharp results consistently.,5,2024-11-07
Oppo Reno 10,Charging speed impressive. Design stylish while camera handles all environments well.,4,2024-11-21
iPhone 14 Pro,Best iPhone yet for professional use. A16 Bionic delivers incredible performance.,5,2024-04-21
Samsung Galaxy A14,Daily reliability is exactly what I got. Battery uninterrupted throughout busy days.,5,2024-02-14
Oppo Reno 10,Camera quality for photography enthusiasts. Charging speed and stylish design both excellent.,5,2024-12-25
Samsung Galaxy S23 Ultra,"Enthusiast-level device. Performance incredible, display stunning, S Pen valuable.",5,2024-02-16
Samsung Galaxy Note 20,Perfect balance of phone and productivity. S Pen makes complex tasks easier.,5,2024-07-16
BlackBerry Key2,Nostalgia doesn't replace functionality. Can't do basic tasks due to app limits.,2,2024-03-24
Huawei Mate 50 Pro,Professional-level photography. Performance makes multitasking truly effortless.,5,2024-10-17
Huawei P50 Pro,Mobile creativity tool. Camera system pushes what's possible in smartphones.,5,2024-12-18
Huawei Mate 50 Pro,Professional camera quality in mobile form. Performance handles everything smoothly.,4,2024-07-24
BlackBerry Key2,Nostalgic but impractical. App compatibility issues make it unusable for daily work.,3,2024-05-28
Samsung Galaxy A14,Great value phone with excellent battery life that lasts all day. Very reliable for daily use.,4,2024-11-23
Samsung Galaxy Note 20,Multitasking on large screen is effortless. S Pen integration excellent.,5,2024-02-02
BlackBerry Key2,Security is fine but can't use popular apps. Software limitations are deal-breaker.,2,2024-02-10
Xiaomi Redmi 12,Perfect for users wanting value. Makes premium features accessible to everyone.,5,2024-08-17
Xiaomi Redmi Note 12 Pro,Vibrant photo quality and fast 5G support. Great mid-range choice for modern users.,5,2024-02-22
Xiaomi Redmi Note 12 Pro,"Balanced mid-range choice. Camera photos vibrant, 5G connectivity blazing fast.",4,2024-07-02
Samsung Galaxy A54,Entertainment and work handled well. Samsung design and smooth display both excellent.,5,2024-04-08
Oppo A57,Practical and affordable. Covers necessary features without excess weight.,4,2024-05-14
iPhone 14 Pro,"Flagship done right. Performance, elegance, innovation all balanced perfectly.",5,2024-12-25
Xiaomi Redmi 12,Amazing value for money. The display is crisp and camera captures great photos.,4,2024-10-06
iPhone 14 Pro,Dynamic Island integration clever and useful. Professional performance meets innovation.,5,2024-11-28
Huawei P50 Pro,Innovation in mobile photography. Leica camera system exceeds expectations daily.,4,2024-05-18
Xiaomi Redmi Note 12 Pro,Mid-range perfection. Style and performance balanced well with excellent camera.,4,2024-06-21
Huawei P50 Pro,Leica engineering shows in photo quality. Sleek design houses photography excellence.,5,2024-11-23
Samsung Galaxy Note 20,Large screen and S Pen make work easy. Bridges phone and productivity tool gap.,4,2024-12-14
Xiaomi Redmi Note 12 Pro,Style meets performance here. Vibrant camera output and reliable 5G speeds.,5,2024-05-15
Huawei P50 Pro,Photography boundaries pushed daily. Vibrant display complements Leica cameras.,4,2024-10-12
Oppo A57,Entry-level but looks polished. Lightweight and comfortable for all-day use.,4,2024-09-12
Xiaomi Redmi 12,Display stands out at this price. Camera captures beautiful everyday moments.,5,2024-12-23
Huawei P50 Pro,Camera precision remarkable. Innovation in photography meets elegant design.,5,2024-12-16
Samsung Galaxy Note 20,Multitasking capability impressive. S Pen bridges gap between phone and laptop.,4,2024-08-27
BlackBerry Key2,Great keyboard but outdated software. Can't run most apps I need for work.,2,2024-02-05
Oppo Reno 10,Fast charging technology revolutionary. Stylish design complements photography features.,4,2024-02-06
Oppo A57,Budget-conscious choice that delivers. Practical for all essential tasks.,4,2024-05-06
Samsung Galaxy A54,Mid-tier but feels premium. Signature Samsung design with smooth display.,5,2024-02-10
Samsung Galaxy A14,Excellent battery performance and sleek look. Great choice for those wanting reliability and value.,5,2024-04-24
Samsung Galaxy Note 20,S Pen adds real productivity value. Multitasking effortless on large display.,5,2024-05-08
Samsung Galaxy Note 20,S Pen blends productivity with entertainment perfectly. Multitasking is effortless.,5,2024-03-22
Samsung Galaxy A54,Samsung design quality in mid-tier price. Display is smooth and performance dependable.,4,2024-08-23
Xiaomi Redmi 12,Performance exceeds expectations. Display and camera both deliver value.,5,2024-06-23
Oppo Reno 10,Sharp photos in all environments. Fast charging technology is game-changing.,5,2024-05-16
Oppo Reno 10,Photography lovers will appreciate this. Sharp and vivid shots in any lighting.,4,2024-06-30
Xiaomi Redmi 12,Versatile camera and crisp screen. Makes premium quality accessible to budget users.,4,2024-08-04
Oppo A57,Budget-friendly with practical performance. Covers all essentials well.,4,2024-07-21
Samsung Galaxy A14,Modern design at budget price. Battery performance exceeds expectations daily.,5,2024-02-22
Xiaomi Redmi Note 12 Pro,Imaging technology delivers vibrant results. 5G support future-proofs this mid-range phone.,5,2024-02-19
BlackBerry Key2,Keyboard feels great to type on but that's it. Can't run banking apps or social media properly.,2,2024-07-13
Huawei P50 Pro,Sleek and powerful. Leica camera innovation evident in every shot.,5,2024-04-22
Oppo Reno 10,Photography capabilities stand out. Vivid and sharp shots regardless of environment.,5,2024-11-27
Samsung Galaxy S23 Ultra,Ultimate Samsung achievement. Creativity and productivity tools perfectly integrated.,5,2024-01-25
Samsung Galaxy S23 Ultra,AMOLED display breathtaking. Desktop-level performance with S Pen functionality.,5,2024-02-26
Huawei P50 Pro,Camera quality pushes boundaries. Vibrant display and innovative camera engineering.,5,2024-05-05
Samsung Galaxy A14,Reliable performance for everyday tasks. Battery life is the standout feature here.,4,2024-12-12
iPhone 14 Pro,Professional-grade performance with elegant design. The chip handles everything smoothly.,5,2024-01-17
Oppo A57,Lightweight design comfortable daily. Entry-level price with polished appearance.,4,2024-03-12
Samsung Galaxy S23 Ultra,Designed for enthusiasts and it shows. S Pen creativity combined with incredible performance.,5,2024-07-23
Samsung Galaxy A14,Everyday reliability at its best. Battery life is impressive and the modern design looks great.,5,2024-05-20
iPhone 14 Pro,Innovation at its finest. Seamless experience with professional-level performance throughout.,4,2024-04-29
Xiaomi Redmi Note 12 Pro,"Advanced imaging technology really shows. Photos and videos look great, 5G is fast.",5,2024-04-20
BlackBerry Key2,Wanted productivity tool but got limitations. Most business apps won't work.,2,2024-08-20
Samsung Galaxy S23 Ultra,"Power user's dream device. S Pen adds dimension, performance and display excel.",4,2024-03-19
Samsung Galaxy A14,Battery easily lasts through my workday and evening. Very satisfied with this affordable choice.,4,2024-03-12
Huawei Mate 50 Pro,Camera detail incredible. Power and elegant design combined perfectly.,5,2024-12-01
Huawei Mate 50 Pro,Futuristic design combined with powerful performance. Camera detail rivals professional gear.,5,2024-01-29
Samsung Galaxy A14,Perfect budget phone with long-lasting battery. Sleek design and very dependable.,4,2024-01-13
BlackBerry Key2,Physical keyboard is good but app compatibility is terrible. Very frustrating.,1,2024-01-24
Samsung Galaxy A54,Perfect companion for work and entertainment. Performance is very dependable.,4,2024-10-09
Samsung Galaxy S23 Ultra,Desktop-level performance in pocket size. Display and S Pen integration perfect.,5,2024-10-25
Samsung Galaxy A54,Great for gaming and streaming. Smooth display experience and reliable performance.,5,2024-10-01
Oppo A57,Perfect for budget-conscious users. Lightweight build and practical features.,5,2024-11-25
Xiaomi Redmi Note 12 Pro,Modern lifestyle supported by fast 5G. Camera imaging technology impressive.,4,2024-11-05
Oppo A57,Polished look for entry-level. All essentials covered without compromise.,4,2024-08-22
BlackBerry Key2,Keyboard is nice but apps are very limited. Many modern apps won't run properly.,2,2024-12-26
Samsung Galaxy Note 20,Entertainment and work balanced well. Large screen with S Pen integration.,5,2024-09-27
Oppo Reno 10,Design is eye-catching and elegant. Photography capabilities are impressive.,4,2024-12-09
Samsung Galaxy A54,"Samsung quality in mid-range. Display smooth, performance reliable for varied use.",4,2024-10-22
Huawei P50 Pro,Photography innovation at its best. Sleek curves and camera precision are outstanding.,5,2024-08-24
Xiaomi Redmi Note 12 Pro,Camera technology is impressive for this segment. 5G ensures fast connectivity.,5,2024-02-17
Samsung Galaxy A54,Dependable performance daily. Smooth display makes gaming and work both pleasant.,5,2024-07-04
Huawei P50 Pro,Mobile creativity unleashed. Leica-engineered cameras deliver professional results.,4,2024-03-24
Xiaomi Redmi Note 12 Pro,Advanced camera for this price segment. 5G connectivity is excellent addition.,4,2024-01-23
Huawei P50 Pro,Leica camera setup is phenomenal. Photography excellence with sleek design.,5,2024-09-30
Huawei Mate 50 Pro,"Elegance meets power here. Camera detail impresses, performance smooth.",4,2024-04-18
Samsung Galaxy S23 Ultra,"Ultimate powerhouse indeed. AMOLED display is stunning, S Pen adds so much value.",5,2024-08-07
iPhone 14 Pro,Balanced innovation and performance. Professional-grade device with beautiful design.,4,2024-10-14
Samsung Galaxy A54,Signature design language evident. Versatile for both productivity and streaming.,4,2024-11-12
Samsung Galaxy Note 20,S Pen iconic and practical. Large display facilitates effortless multitasking.,4,2024-07-14
Samsung Galaxy S23 Ultra,"Ultimate device for power users. AMOLED display gorgeous, S Pen incredibly useful.",5,2024-03-11
Xiaomi Redmi Note 12 Pro,5G connectivity is blazing fast. Camera delivers vibrant photos consistently.,4,2024-03-20
Samsung Galaxy Note 20,Powerful for multitasking with large display. S Pen adds unique productivity value.,5,2024-08-04
Samsung Galaxy A14,"The battery performance is outstanding, easily handles a full day of use. Affordable and quality.",5,2024-02-27
Samsung Galaxy A54,Dependable performance for gaming. Display smoothness makes streaming enjoyable.,4,2024-07-12
Samsung Galaxy S23 Ultra,"Powerhouse performance in premium package. AMOLED stunning, S Pen integration seamless.",5,2024-09-17
Huawei Mate 50 Pro,Multitasking is effortless with this performance. Camera introduces impressive detail.,5,2024-06-10
Huawei P50 Pro,Leica quality in mobile form. Photography excellence with beautiful display.,4,2024-06-15
Oppo A57,Comfortable to carry all day. Budget price but no compromise on essentials.,4,2024-03-14
Oppo Reno 10,Photography lovers' phone. Design and fast charging both exceptional features.,5,2024-03-28
BlackBerry Key2,"Typing experience good, everything else disappointing. Modern app support absent.",2,2024-07-05
Oppo A57,All essentials present. Lightweight build perfect for extended use.,4,2024-10-02
Samsung Galaxy Note 20,Bridge device done right. Productivity and entertainment both handled expertly.,4,2024-10-10
iPhone 14 Pro,Seamless interface with Dynamic Island. A16 Bionic speed is remarkable for work.,5,2024-01-14
BlackBerry Key2,Physical keyboard nice for typing but that's all. App ecosystem severely lacking.,3,2024-05-22
Huawei Mate 50 Pro,Powerful multitasking capability. Futuristic design houses professional camera.,5,2024-02-03
iPhone 14 Pro,Perfect for professionals. Performance and elegance balanced perfectly with innovative features.,4,2024-01-16
Huawei P50 Pro,"Built for photography enthusiasts. Camera setup is truly excellent, display vivid.",5,2024-07-13
Huawei Mate 50 Pro,Power and elegance perfectly combined. Professional-level camera system.,4,2024-01-17
